ALIAS_PRINCIPLE,count
Anika Monroe,102
Iyla Wagner,39
Lane Finley,36
Grayson Acevedo,34
Demi Sloan,29
Lance Wolf,29
Gianni Pineda,28
Kimora Wright,27
Larry Ware,21
Paisleigh Church,20
Rafael French,19
Addisyn Burgess,19
Bradley Grant,19
Alden Hart,18
Zola Hanson,18
Louis Oliver,18
Khalil Ashley,18
Khalil Galindo,17
Ivy Erickson,17
Andres Bryan,17
Mccoy Wang,16
Celeste Singh,15
Ayan Snow,15
April Bean,15
Wesley Martin,15
Jaxen Combs,15
James Newman,15
Kabir Skinner,14
Alexis Clarke,14
Rey Kennedy,14
Wrenley Spence,13
Axl Tran,13
Easton Farley,12
Kailani Good,12
Bryson Davidson,12
Willow Brown,12
Bruno Lucero,12
Chana Nicholson,11
Milani Hanson,11
Melany Riley,11
Zayne Holmes,11
August Murphy,11
Davian McGuire,11
Kylie Peters,11
Dulce Hale,10
Camille Douglas,10
Reyna Collins,10
Alyssa Flynn,10
Mikaela Hahn,10
Luella Booth,9
Chaim Brandt,9
Louis Morton,9
Kamilah Conrad,9
Oaklynn Garner,9
Ricky Delarosa,9
Derek Hunter,8
Anais Good,8
Cesar Pope,8
Anne Russo,8
Ocean Spencer,8
Lilly Singh,8
Jamie Potter,8
Mila Ray,8
Kristian Bullock,8
Dulce Bautista,8
Cory Reyna,7
Leo Cohen,7
Terrance Gross,7
Edith McClain,7
Fiona Frank,7
Leonel Oâ€™Donnell,7
Patrick Moran,6
Ezequiel Bowman,6
Artemis Hinton,6
Arlo Graham,6
Fernando Russo,6
Angelina Warner,6
Ashlyn Potts,6
Alaina Ross,6
Baker Benton,6
Ashlynn Lawson,6
Jerry Mitchell,5
Alistair Stark,5
Nola Beltran,5
Davian Mathis,5
Corinne Howell,5
Desmond Stevens,5
Kelly Murillo,5
Kenzie Griffin,5
Mallory Strong,5
Cameron Herring,4
Drake Ingram,4
Erick Cline,4
Alaia Hartman,4
Poppy Luna,3
Brooklynn Hardin,3
Cillian Huerta,3
Amy Good,3
Jayce Douglas,3
Lina Freeman,3
Wyatt Vu,3
Carlos Garrett,3
Matthias Schultz,3
Mila Dickerson,3
Khloe Nicholson,3
Bethany Truong,2
Jayla Cummings,2
Georgia Liu,2
Rodrigo Duarte,2
Jay Leonard,1
Anastasia Lopez,1
Sevyn Patton,1
Kason Carpenter,1
Avi Goodwin,1
Dilan Melendez,1
Enzo Stokes,1
Kynlee Andersen,1
Shiloh Romero,1
Rory Haynes,1
